{"cameraMode":{"drawMode":0,"name":"Shaded","section":"Shading Mode"},"sceneLighting":true,"audioPlay":false,"sceneViewState":{"m_AlwaysRefresh":false,"showFog":true,"showSkybox":true,"showFlares":true,"showImageEffects":true,"showParticleSystems":true,"showVisualEffectGraphs":true,"m_FxEnabled":true},"in2DMode":false,"pivot":{"x":-16.46139144897461,"y":6.782306671142578,"z":3.4151878356933595},"rotation":{"x":-0.07345829159021378,"y":-0.0875513106584549,"z":0.0064735026098787788,"w":-0.9934296607971191},"size":16.563488006591798,"orthographic":false}